Date,Status,Notes
25-Jul-2025,available,Evening
26-Jul-2025,available,Evening
27-Jul-2025,available,Afternoon
08-Aug-2025,available,Evening
10-Aug-2025,available,Afternoon
30-Aug-2025,available,Evening
06-Sep-2025,available,Evening
07-Sep-2025,available,Evening
12-Sep-2025,available,Evening
13-Sep-2025,available,Evening
14-Sep-2025,available,Afternoon
19-Sep-2025,available,Evening
20-Sep-2025,available,Evening
21-Sep-2025,available,Afternoon
26-Sep-2025,available,Evening
27-Sep-2025,available,Evening
28-Sep-2025,available,Afternoon
03-Oct-2025,available,Evening
04-Oct-2025,available,Evening
10-Oct-2025,available,Evening
11-Oct-2025,available,Evening
17-Oct-2025,available,Evening
18-Oct-2025,available,Evening
19-Oct-2025,available,Afternoon
08-Nov-2025,available,Evening
09-Nov-2025,available,Afternoon
14-Nov-2025,available,Evening
15-Nov-2025,available,Evening
16-Nov-2025,available,Afternoon
21-Nov-2025,available,Evening
22-Nov-2025,available,Evening
23-Nov-2025,available,Afternoon
29-Nov-2025,available,Evening
30-Nov-2025,available,Afternoon
12-Dec-2025,available,Evening
19-Dec-2025,available,Evening
20-Dec-2025,available,Evening
21-Dec-2025,available,Afternoon